{"bleurt": [0.1280742388758782, 0.11241217798594848, 0.004133723653395783, 0.011459342622950818], "human": [0.06536132930513595, 0.0, 0.04656593655589123, 0.018479260075528702], "true_preds": [0.04681170694864048, 0.0, 0.0022658610271903325, 0.044545845921450146], "bleu": [0.14136503021148036, 0.1268882175226586, 0.008235649546827794, 0.006162033927492447], "ter": [0.18422069486404835, 0.1729607250755287, 0.00224690332326284, 0.008913126087613292], "chrf": [0.12428489425981873, 0.10649546827794562, 0.009616238670694863, 0.008104985951661632], "bert_score": [0.10233723564954683, 0.08610271903323263, 0.003863519637462236, 0.012472721253776436]}