{"wmt16": 315.5297343041444, "wmt17": 466.68479168155824, "wmt18": 429.7394795720775, "wmt19": 458.6292985991144}