{"wmt16": 307.17626731473774, "wmt17": 527.2973972404222, "wmt18": 382.8504227475613, "wmt19": 458.6292985991144}