{"wmt16": 929.3833283786197, "wmt17": 941.6081748841809, "wmt18": 860.2982230631335, "wmt19": 888.5818433621715}