{"wmt16": 900.345673312272, "wmt17": 879.1690392977753, "wmt18": 795.9652837203586, "wmt19": 829.7852689294594}